了	883634
是	796991
在	727915
和	555815
有	423765
他	401339
不	360331
我	328841
的	318825
人	313209
也	307851
为	295952
就	273122
这	261791
上	258101
年	248559
中	243191
你	234587
说	219817
一	217830
到	205341
都	202780
等	195934
着	188584
对	184674
来	161501
与	160984
地	160541
还	157058
要	156581
又	150749
大	144099
而	143233
一个	142747
之	140957
道	140545
以	136106
得	134479
她	134035
中国	129470
个	125538
后	124793
去	123402
将	122305
那	111550
但	110709
从	110435
月	110207
下	108294
把	108066
被	106845
于	106176
时	103735
只	101442
多	98900
我们	98740
过	97817
可	95892
他们	93969
并	93868
能	93096
好	92543
会	92091
自己	90933
没有	87597
出	85847
国家	79520
或	78942
日	78695
由	78203
里	77054
用	76586
所	76462
向	75979
已	72638
其	71322
可以	70958
给	69480
很	69103
发展	68664
看	66641
工作	66367
使	64655
前	62779
新	62626
想	61904
却	61348
这个	61310
它	60864
最	60450
什么	59317
见	58965
起	58684
主要	57991
小	57969
高	57483
更	56478
如	56065
问题	55563
再	55507
才	55415
便	55339
进行	54355
地方	52641
没	52407
已经	51289
走	50437
做	50331
让	50310
内	50204
及	49988
这样	48926
全国	48874
经济	48718
这些	47400
不是	46856
听	45776
公司	45604
成	44880
各	44807
事	44769
号	44621
人民	43719
至	43708
叫	43431
社会	43401
两	43011
知道	42780
当	42694
三	42542
本	42207
无	42181
此	41979
们	41212
家	41022
这种	40923
长	40281
市	40141
门	39823
起来	39788
地区	39590
如果	38374
开始	38139
正	37763
技术	37664
同	37578
重要	37557
吃	36799
美国	36089
天	35979
成为	35966
因为	35698
比	35305
米	35136
外	35084
通过	35063
研究	35029
文化	34860
企业	34826
即	34677
分	34660
北京	34488
历史	34460
世界	34387
问	34296
话	34240
其中	34173
现在	34145
天安门	34010
不能	33939
打	33853
一些	33468
老	33423
时间	33288
自	33152
副	33113
生产	32898
情况	32833
代表	32777
决定	32770
湖北	32652
跟	32393
笑	32256
则	32160
关系	32105
像	31874
领导	31739
生活	31550
时候	31521
一种	31355
可能	31213
出来	31017
学生	30776
以及	30775
石首	30746
较	30431
一般	30311
同时	30245
认为	30204
由于	30181
国	29996
死	29983
省	29951
住	29609
所以	29396
万	29391
不同	29383
这里	29358
学院	29249
因	29186
曾	29107
两个	28947
元	28837
呢	28623
作为	28567
手	28466
会议	28363
达	28255
头	28177
但是	28055
作	28016
该	27977
女	27951
开	27900
路	27626
部分	27619
约	27535
活动	27526
需要	27430
怎么	27339
军	27200
管理	27191
方面	26963
市场	26927
组织	26922
工业	26775
建设	26381
称	26275
名	26255
二	26135
每	26048
属	26010
形成	25854
谁	25842
受	25796
其他	25753
带	25733
进	25668
出现	25633
许多	25601
先	25558
应	25537
吧	25526
县	25322
日本	25307
之间	25306
一定	25293
心	25236
具有	25225
占	25139
城市	25084
以上	24969
处	24967
区	24952
太	24899
政治	24866
人们	24841
委员会	24831
发现	24826
点	24685
记者	24649
国际	24601
规定	24568
机关	24504
水	24314
武汉	24302
南	24296
虽然	24267
根据	24221
法律	24213
影响	24144
包括	24052
发生	24052
使用	24035
张	23973
中心	23969
教育	23961
要求	23944
今	23913
间	23632
总	23585
回	23572
山	23539
请	23523
者	23521
政府	23452
党	23403
段	23395
法	23361
连	23315
因此	23294
人口	23243
站	23194
建立	23118
第	23112
共	22996
参加	22828
产品	22801
武汉市	22783
而且	22638
另	22635
生	22579
一样	22569
面积	22455
各种	22183
全	22165
提出	22139
行	22128
我国	22114
作用	22078
皇帝	22050
倒	21994
快	21973
必须	21884
行政	21860
派	21853
啊	21810
编辑	21691
职业	21581
制度	21517
你们	21386
以后	21386
相	21292
吗	21245
说道	21168
世纪	21100
为了	21073
应该	21067
之一	21053
经	21042
按	21008
之后	20879
主席	20859
找	20856
口	20778
均	20776
系统	20602
有关	20573
组成	20572
种	20538
民族	20524
基本	20479
增长	20465
字	20380
自然	20269
入	20209
大学	20025
真	19988
拿	19956
城	19953
马	19918
如何	19871
政体	19865
各级	19839
干	19811
人员	19810
计划	19799
王	19704
不会	19515
产生	19495
时期	19421
据	19409
最后	19355
一次	19249
表示	19238
机构	19209
当时	19195
大家	19177
特别	19119
四	19090
子	19089
改革	19018
书	18993
长江	18930
那么	18923
这么	18886
东西	18877
能力	18874
湖北省	18868
革命	18856
仍	18627
一直	18596
基础	18510
难	18505
还有	18487
得到	18464
进入	18436
运动	18435
目前	18396
西	18324
东	18279
少	18155
对于	18058
过程	18051
方法	18045
次	17947
些	17919
举行	17900
钱	17871
北	17860
群众	17849
气	17826
第一	17725
近	17557
杀	17552
单位	17532
清	17519
如此	17518
学	17482
孩子	17465
所有	17464
资源	17453
过去	17444
不过	17372
强	17342
条件	17290
写	17024
学校	17020
既	17016
若	17000
往	16974
台	16964
原	16926
提高	16882
工程	16869
发	16840
任	16831
环境	16811
美	16809
未	16803
提供	16799
方式	16797
百科	16728
报告	16715
杨	16649
或者	16633
下来	16620
兵	16574
军事	16552
部门	16543
分别	16537
十分	16428
上海	16377
完成	16365
一切	16361
那些	16360
非	16318
除	16316
最大	16299
边	16283
位	16243
然后	16239
农业	16233
经过	16218
专业	16214
准备	16199
增加	16195
鱼	16190
获得	16128
旅游	16124
明	16120
设	16042
一声	16017
觉得	15995
一起	15976
理论	15973
今天	15960
非常	15958
中央	15954
州	15951
直	15928
比较	15910
定	15882
表现	15867
越	15864
身	15789
价值	15777
国务院	15768
重	15718
声	15713
科技	15691
五	15665
完全	15627
亿元	15600
有些	15584
存在	15579
低	15504
达到	15471
内容	15468
坐	15447
儿	15411
实行	15400
思想	15387
事情	15354
极	15314
实现	15301
甚至	15239
人民政府	15227
任务	15213
选举	15208
形式	15188
放	15161
原来	15084
金	15074
有人	15007
突然	14998
不断	14972
咱们	14946
变化	14935
红	14915
心中	14906
直接	14906
朝	14885
爱	14878
知	14870
主	14838
战争	14823
可是	14820
不知	14806
政策	14792
不要	14786
您	14737
资本	14732
继续	14690
年代	14659
期间	14656
位于	14654
报	14647
任何	14635
权力	14581
那个	14550
类	14536
执行	14504
先生	14470
解决	14468
早	14429
建筑	14397
能够	14382
自治区	14344
虽	14338
面	14337
称为	14328
结构	14200
一点	14165
别	14132
成立	14079
初	14072
英国	14049
社会主义	13995
统一	13986
先进	13966
结果	13963
投资	13943
后来	13932
一下	13924
水平	13880
保护	13874
主任	13853
性	13847
关于	13762
型	13750
负责	13745
制定	13662
艺术	13626
讲	13587
部	13579
利用	13559
送	13539
于是	13536
远	13523
反	13500
学习	13482
合作	13478
科学	13460
看到	13411
指	13375
乡	13348
项目	13257
不敢	13208
襄阳	13196
方	13166
几个	13134
那里	13132
甚	13115
公里	13083
常	13042
完	13042
服务	13036
意	12995
队	12982
精神	12961
涓	12958
人大	12955
式	12938
全省	12895
当然	12865
左	12823
拉	12817
个人	12744
超过	12732
花	12710
电	12701
重点	12694
很多	12687
原因	12682
及其	12663
公民	12636
锛	12605
希望	12597
条	12583
新闻	12562
剑	12553
神	12550
动	12509
设计	12474
湖	12466
相关	12463
国内	12450
分布	12435
最高	12430
部队	12400
河	12374
它们	12359
集团	12298
白	12266
信息	12256
官	12197
师	12194
采用	12193
仅	12193
重大	12193
教	12172
哪	12138
回来	12128
变	12121
图	12112
范围	12101
平	12100
引起	12074
实际	12010
其实	11950
不仅	11895
取得	11882
丰富	11867
农民	11866
整个	11839
为主	11807
了解	11774
价格	11762
府	11760
热	11755
制	11750
望	11746
岁	11719
甚么	11717
地位	11660
紝	11651
这时	11628
转	11622
建	11608
命	11603
劳动	11598
按照	11557
加	11537
控制	11537
目标	11527
基地	11481
农村	11478
传统	11445
管	11444
场	11435
受到	11428
跑	11414
全部	11398
法国	11361
穿	11359
众	11353
比赛	11336
么	11322
军队	11317
黑	11296
土地	11240
规模	11239
怕	11213
荆州	11210
风	11195
眼睛	11190
信	11188
左右	11169
选择	11160
批准	11157
置	11145
急	11126
身上	11123
专家	11094
分析	11086
统治	11085
加强	11080
不到	11072
石	11067
铁路	11065
黄	11062
镇	11036
百度	11008
每年	10986
取	10965
告诉	10953
支持	10928
交通	10908
光	10895
竟	10875
明白	10875
处理	10840
本级	10813
作战	10812
时代	10799
力	10777
皇上	10776
实施	10713
数	10689
曰	10675
只要	10675
亲	10670
传	10664
深	10646
成功	10638
办法	10633
随着	10614
之中	10597
进一步	10588
心里	10571
脸	10566
终于	10542
大量	10535
买	10529
人物	10520
接	10515
共同	10510
茶	10497
下去	10474
且	10470
多少	10457
来说	10451
严重	10445
词条	10441
接受	10415
收入	10403
以来	10402
城邦	10341
声音	10340
意见	10329
办	10314
过来	10268
保持	10261
今日	10258
待	10253
文	10253
一条	10251
发言人	10241
另外	10239
提	10223
坚持	10215
工人	10209
系	10196
汽车	10193
而是	10185
量	10182
敌人	10175
商品	10160
忙	10154
说话	10146
改变	10142
尽	10117
先后	10115
力量	10069
喝	10053
事业	10025
开发	10022
看见	10022
战略	10013
标准	10012
是否	9996
郡	9988
车	9985
出去	9979
今年	9959
报道	9955
程度	9953
国民党	9949
平均	9932
消息	9926
还是	9922
安全	9921
独立	9907
啦	9891
刚	9881
注意	9876
机会	9875
韦小宝	9863
背	9853
级	9853
父亲	9846
此外	9832
这次	9832
经验	9803
采取	9791
喜欢	9783
根本	9780
领域	9771
具体	9769
联系	9767
几乎	9754
离	9736
故	9727
干部	9717
印度	9701
言	9691
如今	9684
大会	9681
海	9676
不可	9674
体	9670
座	9662
酒	9653
兄弟	9644
通	9628
德国	9604
满	9603
呀	9580
阶段	9574
李	9566
令	9565
飞	9563
感到	9561
为什么	9561
流	9559
无法	9557
宪法	9553
德	9549
似乎	9544
原则	9541
真正	9540
法规	9539
斗争	9529
足	9485
瞧	9467
人类	9464
合	9453
右	9451
目的	9440
造成	9428
罢	9424
一位	9387
反对	9366
儿子	9364
相同	9364
以前	9343
亦	9343
著名	9342
众人	9329
建议	9327
迅速	9323
全面	9321
正是	9307
明显	9296
改	9286
就是	9283
刀	9271
欧洲	9256
破	9250
首先	9248
作品	9248
集中	9232
正式	9212
朋友	9200
龙	9197
需	9183
第二	9146
召开	9138
材料	9137
帮助	9128
飞机	9091
宽	9081
委员	9071
行动	9066
必	9063
保证	9062
现象	9054
病	9053
特点	9047
随	9036
现代	9035
实际上	9032
资料	9021
须	8997
毛泽东	8994
居	8992
同志	8992
呈	8976
行为	8963
结束	8944
直辖市	8933
介绍	8926
汉	8921
只见	8906
胜利	8904
认识	8901
群	8891
算	8888
战	8864
眼	8863
人数	8857
姑娘	8853
积极	8844
安	8837
家庭	8831
靠	8829
之前	8828
更加	8824
回答	8822
藏	8819
那样	8812
武器	8812
应用	8796
市长	8782
来到	8779
落	8776
设立	8773
项	8766
产业	8756
公路	8748
首	8747
人才	8742
意义	8729
掌	8714
台湾	8683
街	8680
容易	8676
长期	8664
铁	8654
一句	8647
物	8620
大道	8614
扩大	8594
官员	8591
调整	8590
考虑	8585
林	8581
联合	8569
并且	8563
土	8560
自由	8558
菜	8544
现	8541
率	8539
仍然	8526
拥有	8523
火	8518
民主	8513
专门	8512
附近	8499
桥	8499
股	8493
象	8475
一天	8470
师父	8468
古	8464
结合	8462
跳	8462
清楚	8451
说明	8446
某	8444
稳定	8439
古代	8438
惊	8417
搞	8414
三个	8409
药	8404
冲	8402
双	8395
六	8392
此时	8381
情	8363
电话	8354
物质	8354
网络	8352
利益	8351
然而	8350
很大	8348
鄂	8347
